,train_lr,train_min_lr,train_loss,train_weight_decay,test_loss,test_acc1,test_acc5,epoch,n_parameters,test_loss_ema,test_acc1_ema,test_acc5_ema
0,8.805031446540882e-05,8.805031446540882e-05,6.422656238079071,0.050000000000000024,5.120954434076945,23.880598836870337,88.80597060473997,0,5257694,6.923383792241414,0.0,0.0
1,0.0002893081761006289,0.0002893081761006289,4.049650151282549,0.050000000000000024,1.9904260536034901,23.880598836870337,88.80597060473997,1,5257694,6.912325541178386,0.0,0.0
2,0.0004905660377358491,0.0004905660377358491,2.68447133153677,0.050000000000000024,1.692452073097229,23.880598836870337,90.29850800357647,2,5257694,6.892159779866536,0.0,0.0
3,0.0006918238993710692,0.0006918238993710692,2.6284015588462353,0.050000000000000024,1.7835339208443959,25.186567847408465,91.79104580096345,3,5257694,6.865838328997294,0.0,0.0
4,0.0008930817610062893,0.0008930817610062893,2.5759285986423492,0.050000000000000024,1.792472928762436,22.01492679652883,91.79104580096345,4,5257694,6.835577567418416,0.0,0.0
5,0.00109433962264151,0.00109433962264151,2.5565267242491245,0.050000000000000024,1.7486982742945354,32.835821521815966,91.79104580096345,5,5257694,6.80309518178304,0.0,0.0
6,0.0012955974842767289,0.0012955974842767289,2.544400956481695,0.050000000000000024,1.7332259615262349,31.15671687339669,92.53731468542298,6,5257694,6.769093036651611,0.0,0.0
7,0.001496855345911951,0.001496855345911951,2.553380537778139,0.050000000000000024,1.781412700812022,29.10447863678434,88.80597060473997,7,5257694,6.73416264851888,0.0,0.0
8,0.0016981132075471706,0.0016981132075471706,2.5592045299708843,0.050000000000000024,1.7746279537677765,34.14179241123484,88.80597060473997,8,5257694,6.698920051256816,0.0,0.0
9,0.0018993710691823894,0.0018993710691823894,2.5542323105037212,0.050000000000000024,1.7621629933516185,24.81343408840806,89.17910538858442,9,5257694,6.663570086161296,0.0,10.261194086786526
10,0.00210062893081761,0.00210062893081761,2.5378120727837086,0.050000000000000024,1.715368737777074,35.26119505469479,92.53731468542298,10,5257694,6.628454327583313,1.119403027776462,16.417910675504313
11,0.00230188679245283,0.00230188679245283,2.555431880056858,0.050000000000000024,1.8314083814620972,26.492538139001645,91.41791170034836,11,5257694,6.593477765719096,7.649254016022184,22.94776187725921
12,0.0025031446540880508,0.0025031446540880508,2.5538346469402313,0.050000000000000024,1.693249136209488,36.38059735654005,92.53731468542298,12,5257694,6.558741966883342,8.395522388059701,32.46268725039354
13,0.0027044025157232704,0.0027044025157232704,2.5421684347093105,0.050000000000000024,1.6946284870306652,39.92537438691552,91.41791238357771,13,5257694,6.524595618247986,13.432836162510203,32.46268725039354
14,0.0029056603773584904,0.0029056603773584904,2.514108967036009,0.050000000000000024,1.6705862780412037,34.88806027085034,92.53731468542298,14,5257694,6.490983168284099,13.432836162510203,40.85820921143489
15,0.0031069182389937113,0.0031069182389937113,2.526973892003298,0.050000000000000024,1.8401859800020854,30.597015893281394,89.5522398023463,15,5257694,6.457724690437317,13.432835949001028,46.45522427914747
16,0.00330817610062893,0.00330817610062893,2.518528450280428,0.050000000000000024,1.7345679700374603,27.42537450078708,88.99253777959454,16,5257694,6.425144791603088,13.432836077106533,46.08209017853239
17,0.0035094339622641505,0.0035094339622641505,2.521501462906599,0.050000000000000024,1.757644385099411,33.0223897677749,88.80597060473997,17,5257694,6.393132368723552,13.432836077106533,45.70895539468794
18,0.0037106918238993727,0.0037106918238993727,2.5153507739305496,0.050000000000000024,1.7143003046512604,35.82089671803944,89.92537461465864,18,5257694,6.36165455977122,13.432836077106533,45.70895573630262
19,0.0039119496855345905,0.0039119496855345905,2.511879626661539,0.050000000000000024,1.6757499078909557,29.8507471796292,90.48507576558127,19,5257694,6.330976684888204,13.432836077106533,45.33582163568753
20,0.003999944255757303,0.003999944255757303,2.516573905944824,0.050000000000000024,1.6784870227177937,44.02985325144298,92.35074723656498,20,5257694,6.300864775975545,13.432836077106533,45.33582163568753
21,0.003999562023994389,0.003999562023994389,2.5106548219919205,0.050000000000000024,1.6822974880536397,44.402985985599344,90.67164327137506,21,5257694,6.271624247233073,13.432836077106533,45.33582163568753
22,0.003998772155535627,0.003998772155535627,2.51284371688962,0.050000000000000024,1.707197864850362,36.753732738210196,88.80597060473997,22,5257694,6.2429929574330645,13.432836077106533,44.96268685184308
23,0.003997574811446243,0.003997574811446243,2.5224343352019787,0.050000000000000024,1.7545364101727803,42.72388184960209,88.99253871191793,23,5257694,6.21523129940033,13.432836077106533,44.96268685184308
24,0.003995970235881437,0.003995970235881437,2.5371016152203083,0.050000000000000024,1.7102932333946228,27.985075993324394,97.5746281182588,24,5257694,6.188542405764262,13.432836077106533,45.335821009393946
25,0.003993958756036597,0.003993958756036597,2.5084479674696922,0.050000000000000024,1.6881552239259083,34.70149458700151,90.67164318597139,25,5257694,6.162401556968689,13.432836077106533,45.52238845825195
26,0.003991540782080591,0.003991540782080591,2.4992215633392334,0.050000000000000024,1.7243225971857707,36.00746428076901,92.16418126803725,26,5257694,6.136671741803487,13.432836077106533,44.96268696571464
27,0.003988716807072109,0.003988716807072109,2.524708166718483,0.050000000000000024,1.805377831061681,24.06716511854485,88.80597060473997,27,5257694,6.111397226651509,13.432836077106533,44.96268696571464
28,0.003985487406859143,0.003985487406859143,2.5310001634061337,0.050000000000000024,1.7764499982198079,23.134329269181436,83.95522490544106,28,5257694,6.08696981271108,13.432836077106533,44.96268696571464
29,0.003981853239961545,0.003981853239961545,2.525057125836611,0.050000000000000024,1.8220228950182598,35.07462834600192,89.55223974541052,29,5257694,6.063223322232564,13.432836077106533,44.776119915407094
30,0.003977815047436754,0.003977815047436754,2.523452203720808,0.050000000000000024,1.7072584629058838,33.208955793238395,91.79104580096345,30,5257694,6.040082812309265,13.432836077106533,44.58955286509955
31,0.003973373652728687,0.003973373652728687,2.544129755347967,0.050000000000000024,1.6853991250197093,38.99253845214844,91.60447835210545,31,5257694,6.017847816149394,13.432836077106533,44.58955286509955
32,0.003968529961499818,0.003968529961499818,2.515595931559801,0.050000000000000024,1.7715615332126617,23.134329269181436,88.80597060473997,32,5257694,5.996442000071208,13.432836077106533,44.58955286509955
33,0.003963284961446511,0.003963284961446511,2.500353127717972,0.050000000000000024,1.646024485429128,42.35074826140902,91.79104580096345,33,5257694,5.97594153881073,13.432836077106533,44.029851372562234
34,0.003957639722097605,0.003957639722097605,2.4962464049458504,0.050000000000000024,1.6403324802716572,47.01492708120773,92.35074723656498,34,5257694,5.95619551340739,13.432836077106533,44.029851372562234
35,0.003951595394596332,0.003951595394596332,2.475988529622555,0.050000000000000024,1.5920088688532512,42.16417993004642,91.97761273739943,35,5257694,5.937346935272217,13.619403469028757,44.029851372562234
36,0.0039451532114655775,0.0039451532114655775,2.489007029682398,0.050000000000000024,1.6920159260431926,57.08955394687937,90.11194138028729,36,5257694,5.919098575909932,15.485075167755582,44.029851372562234
37,0.003938314486356548,0.003938314486356548,2.478600215166807,0.050000000000000024,1.6440803408622742,35.82089723046146,92.53731468542298,37,5257694,5.901770909627278,18.470150193171715,44.029851372562234
38,0.003931080613780911,0.003931080613780911,2.473130624741316,0.050000000000000024,1.6323851644992828,41.04477745739382,90.67164321443927,38,5257694,5.884807745615642,19.402985786324116,44.029851372562234
39,0.0039234530688264145,0.0039234530688264145,2.475981939584017,0.050000000000000024,1.6162264446417491,49.25373339297167,91.79104580096345,39,5257694,5.868810097376506,18.656716560249897,44.029851372562234
40,0.003915433406856122,0.003915433406856122,2.4603093452751637,0.050000000000000024,1.6093996862570445,41.41791125909606,94.96268781975134,40,5257694,5.853301604588826,17.91044793200137,44.029851372562234
41,0.003907023263191234,0.003907023263191234,2.4550152011215687,0.050000000000000024,1.5895979205767314,56.15671801211229,92.16417990157854,41,5257694,5.838066180547078,17.723880881693827,52.23880688112173
42,0.0038982243527776244,0.0038982243527776244,2.457162916660309,0.050000000000000024,1.60270560781161,37.31343465776586,91.04477668876079,42,5257694,5.823284347852071,16.791045288541422,57.835821763793035
43,0.0038890384698361483,0.0038890384698361483,2.452234748750925,0.050000000000000024,1.591874212026596,36.7537321403845,92.16417990157854,43,5257694,5.809134443600972,16.23134379600411,61.007463711411205
44,0.0038794674874967623,0.0038794674874967623,2.46753341332078,0.050000000000000024,1.6522678037484486,49.44029941843517,92.53731514090923,44,5257694,5.7951351801554365,15.671642303466797,62.87313523933069
45,0.003869513357416582,0.003869513357416582,2.452379960566759,0.050000000000000024,1.5930469830830891,37.873136491917855,92.35074729350076,45,5257694,5.781529664993286,15.858209481879847,71.82835997396441
46,0.003859178109381899,0.003859178109381899,2.4497756771743298,0.050000000000000024,1.5694521069526672,50.7462701370467,92.16417990157854,46,5257694,5.768195033073425,19.58955292203533,72.57462817519459
47,0.0038484638508942846,0.0038484638508942846,2.443728994578123,0.050000000000000024,1.5789196987946827,48.88059818210886,95.70895715969712,47,5257694,5.754893183708191,26.11940378217555,73.50746367582634
48,0.003837372766740846,0.003837372766740846,2.449118137359619,0.050000000000000024,1.5529242952664692,39.92537370368616,92.53731468542298,48,5257694,5.741508960723877,26.492538267107154,77.98507610719595
49,0.0038259071185487072,0.0038259071185487072,2.4594897851347923,0.050000000000000024,1.5587934950987499,43.65671752815816,93.09701560860249,49,5257694,5.727994243303935,27.425373860259555,79.10447920614214
50,0.003814069244323833,0.003814069244323833,2.4485790506005287,0.050000000000000024,1.5628277957439423,38.99253917807963,92.16417990157854,50,5257694,5.714899778366089,35.07462804708908,79.47761364837191
51,0.0038018615579742906,0.0038018615579742906,2.4435878843069077,0.050000000000000024,1.541186546285947,43.28358402536876,92.91044850135917,51,5257694,5.701906482378642,32.83582177802698,79.29104693967905
52,0.003789286548817999,0.003789286548817999,2.449278149753809,0.050000000000000024,1.6252602537473042,57.08955394687937,94.77612014315021,52,5257694,5.688948392868042,32.27611994387499,79.10447954775682
53,0.0037763467810751415,0.0037763467810751415,2.440338496118784,0.050000000000000024,1.4940064052740734,40.485076648085865,92.35074683801452,53,5257694,5.675771156946818,31.902985921546595,82.4626885029807
54,0.0037630448933452724,0.0037630448933452724,2.4387524500489235,0.050000000000000024,1.570068081219991,44.962688332173364,98.3208976859477,54,5257694,5.662925402323405,30.223881365647955,87.31343522712366
55,0.003749383598069276,0.003749383598069276,2.4292962662875652,0.050000000000000024,1.559958944718043,42.16418052787211,92.53731468542298,55,5257694,5.650108257929484,31.15671721501137,87.68656932773875
56,0.003735365680976256,0.003735365680976256,2.4331886060535908,0.050000000000000024,1.5544058680534363,47.574627719708346,95.708956931954,56,5257694,5.6371603806813555,31.902985587048885,87.87313603643162
57,0.003720994000515497,0.003720994000515497,2.4337105974555016,0.050000000000000024,1.5394974251588185,47.574628061323025,93.47015027857539,57,5257694,5.623936017354329,31.71641847980556,87.68656864450939
58,0.003706271487273579,0.003706271487273579,2.445626836270094,0.050000000000000024,1.5018822252750397,52.052240172428874,94.58955326365002,58,5257694,5.610613624254863,32.64925461384787,87.68656864450939
59,0.0036912011433767864,0.0036912011433767864,2.4229836501181126,0.050000000000000024,1.4872839550177257,55.78358459472656,98.69403110333343,59,5257694,5.596984942754109,33.39552307128906,87.50000159420185
60,0.003675786041878939,0.003675786041878939,2.447519578039646,0.050000000000000024,1.5070537130037944,46.082091146440646,97.5746281182588,60,5257694,5.583889166514079,33.95522456382638,87.68656864450939
61,0.0036600293261347563,0.0036600293261347563,2.4509727358818054,0.050000000000000024,1.5880255500475566,47.38806156258085,92.53731536865234,61,5257694,5.570037841796875,34.51492639797837,87.68656864450939
62,0.0036439342091588766,0.0036439342091588766,2.4679376408457756,0.050000000000000024,1.6033684611320496,46.08209029240395,91.79104580096345,62,5257694,5.5565924644470215,34.32835900605615,87.68656830289471
63,0.0036275039729706726,0.0036275039729706726,2.449289418756962,0.050000000000000024,1.5846434632937114,51.305971544180345,96.08209103256908,63,5257694,5.543949683507283,34.888060982547586,87.68656830289471
64,0.003610741967925023,0.003610741967925023,2.4442499838769436,0.050000000000000024,1.5243874192237854,46.08209106103698,91.79104580096345,64,5257694,5.531381249427795,35.07462803285513,87.87313569481694
65,0.003593651612029106,0.003593651612029106,2.4757057428359985,0.050000000000000024,1.5515067179997761,59.51492594249213,97.01492662572149,65,5257694,5.520027319590251,35.261194684612214,87.68656864450939
66,0.003576236390245428,0.003576236390245428,2.436977632343769,0.050000000000000024,1.5607602993647258,48.88059792589785,92.72388173573053,66,5257694,5.508506417274475,35.07462803285513,87.87313569481694
67,0.003558499853781204,0.003558499853781204,2.450025796890259,0.050000000000000024,1.6083416640758514,58.58209171579845,90.29850819573474,67,5257694,5.497597257296245,35.26119555288286,88.05970308673916
68,0.0035404456193641846,0.0035404456193641846,2.4350477792322636,0.050000000000000024,1.5353023211161296,39.36567340680023,91.79104580096345,68,5257694,5.48681362469991,35.634328785227304,87.87313603643162
69,0.003522077368505198,0.003522077368505198,2.4629760533571243,0.050000000000000024,1.5887601772944133,37.686568331362594,91.6044787506559,69,5257694,5.475636641184489,36.00746339826441,88.43283713041846
70,0.003503398846747392,0.003503398846747392,2.4433798529207706,0.050000000000000024,1.614576558272044,38.61940452234069,91.79104728129373,70,5257694,5.464696486790975,35.634328614419964,88.43283713041846
71,0.0034844138629025064,0.0034844138629025064,2.451393086463213,0.050000000000000024,1.5188165952761967,45.89552341290374,92.35074729350076,71,5257694,5.45462687810262,36.19403027776462,88.80597157264823
72,0.003465126288274176,0.003465126288274176,2.4332960210740566,0.050000000000000024,1.508440375328064,46.455225588670416,99.06716588717788,72,5257694,5.443456649780273,36.38059818210886,88.99253867989155
73,0.0034455400558685337,0.0034455400558685337,2.436149738729,0.050000000000000024,1.474810779094696,47.76119596566727,92.16417990157854,73,5257694,5.43213164806366,36.38059766968684,88.9925382813411
74,0.003425659159592203,0.003425659159592203,2.428476430475712,0.050000000000000024,1.4909641991058986,54.664181268037254,96.82835934767083,74,5257694,5.4204407930374146,36.75373245353129,89.17910567326332
75,0.0034054876534378893,0.0034054876534378893,2.4147872291505337,0.050000000000000024,1.465172107021014,57.276121338801595,94.7761210541227,75,5257694,5.408412138621013,36.94029978851774,89.36567306518555
76,0.00338502965065772,0.00338502965065772,2.4097493179142475,0.050000000000000024,1.4350390483935673,56.34328540403452,96.82835991702862,76,5257694,5.396397670110066,38.99253845214844,89.73880750741532
77,0.003364289322924488,0.003364289322924488,2.4046802148222923,0.050000000000000024,1.4375020911296208,54.10447840904122,95.52238954003178,77,5257694,5.384252230326335,39.55224022936465,90.29850899995263
78,0.0033432708994809907,0.0033432708994809907,2.413450263440609,0.050000000000000024,1.4021667937437694,51.305971971198694,96.4552250762484,78,5257694,5.371593515078227,39.5522393895619,90.29850865833795
79,0.003321978666277631,0.003321978666277631,2.411950945854187,0.050000000000000024,1.4402575691541035,59.7014943592584,97.01492685346462,79,5257694,5.3586612145106,38.43283737239553,90.67164310056772
80,0.003300416965098446,0.003300416965098446,2.405956480652094,0.050000000000000024,1.4171539147694905,60.074629826332206,97.76119505469478,80,5257694,5.34548834959666,37.50000093944037,90.67164310056772
81,0.0032785901926757686,0.0032785901926757686,2.4023514091968536,0.050000000000000024,1.4972162048021953,50.559702915931815,94.9626879336229,81,5257694,5.331481337547302,37.87313469844078,90.85821049248995
82,0.003256502799793655,0.003256502799793655,2.4271609373390675,0.050000000000000024,1.5210883816083272,53.171643157503496,98.5074637114112,82,5257694,5.317995468775432,37.313433889132824,90.67164310056772
83,0.0032341592903803174,0.0032341592903803174,2.401622675359249,0.050000000000000024,1.4162748555342357,55.97015130341943,97.57462800438725,83,5257694,5.304406563440959,37.68656867297727,90.85821015087527
84,0.0032115642205897185,0.0032115642205897185,2.427427437156439,0.050000000000000024,1.399722417195638,57.83582317295359,97.76119579485993,84,5257694,5.289568662643433,36.94029978851774,91.04477788441217
85,0.00318872219787249,0.00318872219787249,2.370457962155342,0.050000000000000024,1.405249481399854,58.76865876610599,97.20149356215748,85,5257694,5.276443084081014,37.50000059782569,91.6044790353348
86,0.003165637880036424,0.003165637880036424,2.399395626038313,0.050000000000000024,1.40047554175059,55.41044981088211,96.2686584244913,86,5257694,5.262535532315572,37.50000093944037,91.41791164341258
87,0.00314231597429667,0.00314231597429667,2.395468506962061,0.050000000000000024,1.371300478776296,58.20895659033932,98.13432961079612,87,5257694,5.247779568036397,37.313433889132824,92.35074723656498
88,0.003118761236315877,0.003118761236315877,2.3792720064520836,0.050000000000000024,1.4170279304186504,59.70149367602903,95.89552364064686,88,5257694,5.233627637227376,37.31343414534384,92.91044872910228
89,0.003094978469234437,0.003094978469234437,2.389969263225794,0.050000000000000024,1.403551345070203,60.0746281182588,99.06716588717788,89,5257694,5.219408750534058,37.686568245958924,93.4701502216396
90,0.0030709725226910714,0.0030709725226910714,2.3777331076562405,0.050000000000000024,1.3953328082958858,65.29850894301686,96.45522462076215,90,5257694,5.204120596249898,38.24626922607422,93.65671693033246
91,0.0030467482918339088,0.0030467482918339088,2.3855304047465324,0.050000000000000024,1.3921701610088348,59.32836025864331,98.13432881369519,91,5257694,5.189728498458862,38.05970285899603,93.4701502216396
92,0.003022310716322308,0.003022310716322308,2.3840178437530994,0.050000000000000024,1.3527869284152985,59.8880612387586,98.50746365447543,92,5257694,5.174460093180339,38.43283678880378,93.84328466386937
93,0.002997664779319575,0.002997664779319575,2.426156308501959,0.050000000000000024,1.373951146999995,56.34328506241983,96.26865796900508,93,5257694,5.159222563107808,37.87313563788115,94.21641910609914
94,0.0029728155064768463,0.0029728155064768463,2.398257438093424,0.050000000000000024,1.4298135588566463,56.90298706737917,98.69403098946187,94,5257694,5.144153118133545,37.5000008540367,94.96268730732932
95,0.0029477679649082735,0.0029477679649082735,2.390921402722597,0.050000000000000024,1.4182828962802887,55.41044950129381,97.94776204806655,95,5257694,5.1289998690287275,38.61940358290032,95.14925469925154
96,0.0029225272621577762,0.0029225272621577762,2.391256831586361,0.050000000000000024,1.454104945063591,62.3134351132521,96.64179218349172,96,5257694,5.115053455034892,38.61940358290032,95.70895619178886
97,0.002897098545157538,0.002897098545157538,2.388502564281225,0.050000000000000024,1.431700771053632,56.71641882142024,98.32089586400274,97,5257694,5.100156307220459,38.24626948228523,95.33582209117377
98,0.0028714869991784786,0.0028714869991784786,2.4149625562131405,0.050000000000000024,1.3904441644748051,58.95522547479886,98.50746433770479,98,5257694,5.085335532824199,38.99253802513009,95.14925469925154
99,0.0028456978467729013,0.0028456978467729013,2.417322613298893,0.050000000000000024,1.4354095607995987,54.47761285127099,96.6417925251064,99,5257694,5.070750633875529,39.17910550245598,95.89552358371108
100,0.0028197363467095454,0.0028197363467095454,2.419223167002201,0.050000000000000024,1.4072557985782623,56.902986213342466,98.8805978120263,100,5257694,5.055690010388692,39.17910550245598,95.52238879986663
101,0.0027936077929012412,0.0027936077929012412,2.4024462662637234,0.050000000000000024,1.3524796863396962,61.94030032940765,98.69403064784719,101,5257694,5.041421671708425,38.61940366830399,96.0820909756333
102,0.0027673175133254165,0.0027673175133254165,2.38732523098588,0.050000000000000024,1.3939840346574783,56.902986213342466,97.01492708120773,102,5257694,5.026219089825948,38.99253811053376,97.01492656878571
103,0.002740870868937651,0.002740870868937651,2.379647970199585,0.050000000000000024,1.3714830030997593,60.82089734433302,98.13432881369519,103,5257694,5.010406017303467,38.80597050510236,96.64179246817062
104,0.0027142732525784834,0.0027142732525784834,2.378419030457735,0.050000000000000024,1.3876119305690129,64.17910698278627,99.44029998779297,104,5257694,4.996069431304932,39.1791051608413,95.89552358371108
105,0.0026875300878737556,0.0026875300878737556,2.4073819778859615,0.050000000000000024,1.3670274466276169,64.55224142501604,98.88059849525565,105,5257694,4.980731149514516,39.36567238195619,96.82835917686349
106,0.0026606468281286507,0.0026606468281286507,2.3585048504173756,0.050000000000000024,1.3723192016283672,63.24627002317514,99.4402999308572,106,5257694,4.96536910533905,40.4850751108198,96.82835991702862
107,0.0026336289552156915,0.0026336289552156915,2.391153123229742,0.050000000000000024,1.3251620729764302,63.43283707348269,99.25373259587074,107,5257694,4.950648168722789,41.23134425149035,96.64179178494126
108,0.0026064819784569013,0.0026064819784569013,2.3568797074258327,0.050000000000000024,1.3129064391056697,61.56716657040724,98.5074637114112,108,5257694,4.935396571954091,41.60447801049076,96.4552250762484
109,0.0025792114335003893,0.0025792114335003893,2.3769821636378765,0.050000000000000024,1.3544826954603195,63.05970365609696,98.507464280769,109,5257694,4.9207384785016375,41.791045914835,96.64179178494126
110,0.002551822881191548,0.002551822881191548,2.3885851576924324,0.050000000000000024,1.3427866448958714,62.50000216355964,98.88059735654005,110,5257694,4.905368645985921,41.79104523160564,97.76119511163057
111,0.00252432190643911,0.00252432190643911,2.402161408215761,0.050000000000000024,1.3669645140568416,65.29851030947557,98.88059769815473,111,5257694,4.890523870786031,41.97761330675723,97.3880606694008
112,0.0024967141170763253,0.0024967141170763253,2.386243984103203,0.050000000000000024,1.3319640805323918,64.17910698278627,97.38806061246503,112,5257694,4.876071711381276,43.28358317133206,97.57462806132303
113,0.002469005142717435,0.002469005142717435,2.3661089465022087,0.050000000000000024,1.330772300561269,61.94030101263701,98.69403098946187,113,5257694,4.860262374083201,43.09701612102452,97.94776284516747
114,0.002441200633609709,0.002441200633609709,2.364939872175455,0.050000000000000024,1.3760964423418045,64.55224108340136,98.13432943998878,114,5257694,4.846266150474548,44.402985643984664,97.76119511163057
115,0.002413306259481296,0.002413306259481296,2.366599176079035,0.050000000000000024,1.3770860582590103,61.94030032940765,99.06716474846228,115,5257694,4.8312263290087385,44.96268863108621,97.9477625035528
116,0.0023853277083850776,0.0023853277083850776,2.4012339003384113,0.050000000000000024,1.3589080621798832,61.56716588717788,97.38806027085033,116,5257694,4.81577205657959,46.082091317247986,97.5746284029377
117,0.0023572706855387888,0.0023572706855387888,2.3747620843350887,0.050000000000000024,1.3220004985729854,62.126867038100514,99.25373253893497,117,5257694,4.800469756126404,48.13433006628236,97.38806101101548
118,0.002329140912161662,0.002329140912161662,2.361855521798134,0.050000000000000024,1.325494070847829,64.17910732440095,99.6268673797152,118,5257694,4.78651887178421,49.62686715197207,97.01492622717103
119,0.0023009441243077725,0.0023009441243077725,2.3578931987285614,0.050000000000000024,1.4236718664566677,63.80597219894182,98.69403024929673,119,5257694,4.772558033466339,49.62686732277941,98.50746399609011
120,0.002272686071696389,0.002272686071696389,2.3748615831136703,0.050000000000000024,1.3946189681688945,63.43283775671205,99.25373179876982,120,5257694,4.757348835468292,50.186568473702046,98.32089660416788
121,0.002244372516539515,0.002244372516539515,2.3709660582244396,0.050000000000000024,1.3541836490233738,61.94030067102233,98.88059769815473,121,5257694,4.742304225762685,50.37313586562427,98.13432989547502
122,0.002216009232366906,0.002216009232366906,2.374509558081627,0.050000000000000024,1.322586680452029,62.873136730336434,100.00000079710092,122,5257694,4.728672822316487,51.11940475008381,97.76119511163057
123,0.002187602002848754,0.002187602002848754,2.3764273542910814,0.050000000000000024,1.3268740226825078,59.32836025864331,98.69403064784719,123,5257694,4.714130520820618,51.679105901006444,97.76119511163057
124,0.002159156620616322,0.002159156620616322,2.369734987616539,0.050000000000000024,1.3302508393923442,60.44776290210325,99.06716543169163,124,5257694,4.699007034301758,51.11940526250583,98.50746365447543
125,0.0021306788860807465,0.0021306788860807465,2.3470096066594124,0.050000000000000024,1.3511404693126678,60.634330208621805,98.88059769815473,125,5257694,4.684784432252248,52.052240514043554,99.25373253893497
126,0.0021021746062502523,0.0021021746062502523,2.3821717016398907,0.050000000000000024,1.3441191514333088,63.05970331448228,98.50746319898919,126,5257694,4.670027236143748,51.679106413428464,99.06716514701274
127,0.002073649593546017,0.002073649593546017,2.347389329224825,0.050000000000000024,1.2833776970704396,64.36567313279679,99.06716543169163,127,5257694,4.6552930275599165,51.679106071813784,99.0671658302421
128,0.0020451096646169425,0.0020451096646169425,2.38566629961133,0.050000000000000024,1.2981512745221455,63.80597219894182,97.57462806132303,128,5257694,4.640947143236796,51.679106413428464,98.88059843831988
129,0.002016560639153559,0.002016560639153559,2.370315235108137,0.050000000000000024,1.3363711337248485,58.022389027609755,97.94776221887389,129,5257694,4.627023955186208,51.86567312212133,98.69403172962701
130,0.001988008338701307,0.001988008338701307,2.381050309166312,0.050000000000000024,1.3626494506994884,61.19403144494811,98.88059803976941,130,5257694,4.612533628940582,53.171642815888816,98.88059843831988
131,0.001959458585473441,0.001959458585473441,2.3763942755758762,0.050000000000000024,1.3051080107688904,65.11194167564165,98.50746359753964,131,5257694,4.597765763600667,52.61194166496618,99.06716514701274
132,0.001930917201163803,0.001930917201163803,2.3735353499650955,0.050000000000000024,1.3110333234071732,64.9253758672458,99.06716617185678,132,5257694,4.583077172438304,52.98507610719595,99.62686663955006
133,0.0019023900057596927,0.0019023900057596927,2.343935664743185,0.050000000000000024,1.2905256003141403,63.059704680940996,98.6940303631683,133,5257694,4.569658557573955,52.05223983081419,100.00000079710092
134,0.0018738828163550984,0.0018738828163550984,2.322445221245289,0.050000000000000024,1.2889959613482158,63.0597029728676,99.62686663955006,134,5257694,4.555862208207448,52.05223983081419,99.2537332791001
135,0.001845401445964501,0.001845401445964501,2.3663860969245434,0.050000000000000024,1.3470318168401718,65.2985099678609,99.2537321403845,135,5257694,4.540903329849243,53.35821054942572,99.6268673797152
136,0.0018169517023375248,0.0018169517023375248,2.338672187179327,0.050000000000000024,1.3140652378400166,64.55224108340136,99.25373253893497,136,5257694,4.526604394117991,53.171643499118176,99.06716588717788
137,0.0017885393867746533,0.0017885393867746533,2.3763204403221607,0.050000000000000024,1.2825043052434921,62.68656955548187,99.06716509007695,137,5257694,4.511325756708781,52.98507644881064,99.62686669648583
138,0.0017601702929442703,0.0017601702929442703,2.375850062817335,0.050000000000000024,1.2978221476078033,65.8582106846482,98.69403138801233,138,5257694,4.498448292414348,54.10447943388526,99.44029998779297
139,0.0017318502057012365,0.0017318502057012365,2.3599112182855606,0.050000000000000024,1.2917024046182632,67.16418081255101,99.81343408840806,139,5257694,4.483455499013265,52.98507576558127,99.62686669648583
140,0.00170358489990729,0.00170358489990729,2.3855735510587692,0.050000000000000024,1.2908378342787425,63.43283809832673,99.06716520394852,140,5257694,4.467811942100525,52.98507679042532,98.88059849525565
141,0.0016753801392534603,0.0016753801392534603,2.3841707035899162,0.050000000000000024,1.296082427104314,65.11194223432399,100.00000079710092,141,5257694,4.453867693742116,53.917912383577715,99.25373259587074
142,0.0016472416750847832,0.0016472416750847832,2.3642468973994255,0.050000000000000024,1.3011149168014526,65.4850756517097,99.62686669648583,142,5257694,4.4409401416778564,53.917912041963035,99.06716520394852
143,0.0016191752452275059,0.0016191752452275059,2.3623670153319836,0.050000000000000024,1.2661941746870677,63.99253959086404,100.00000079710092,143,5257694,4.425533175468445,53.35821020781104,99.44029998779297
144,0.0015911865728190804,0.0015911865728190804,2.374641388654709,0.050000000000000024,1.332565148671468,67.53731559639546,99.62686663955006,144,5257694,4.411340753237407,54.1044787506559,99.2537332791001
145,0.0015632813651411215,0.0015632813651411215,2.380083478987217,0.050000000000000024,1.3447590172290802,67.16418149578037,99.44029919069204,145,5257694,4.3962714076042175,55.22388139411585,99.81343408840806
146,0.0015354653124556223,0.0015354653124556223,2.3778879046440125,0.050000000000000024,1.3162835588057835,63.80597219894182,98.69403178656279,146,5257694,4.38087139527003,54.664179559963856,99.06716588717788
147,0.0015077440868446264,0.0015077440868446264,2.35251821577549,0.050000000000000024,1.2855496903260548,62.31343408840806,99.44029998779297,147,5257694,4.367527921994527,54.85074763511544,99.2537332791001
148,0.0014801233410536082,0.0014801233410536082,2.3768212273716927,0.050000000000000024,1.3113887210687,66.79104671193592,99.44029884907737,148,5257694,4.353671193122864,55.5970161779603,98.88059849525565
149,0.001452608707338805,0.001452608707338805,2.316314470022917,0.050000000000000024,1.2904544323682785,66.4179132945502,99.44029884907737,149,5257694,4.338616172472636,54.85074729350076,99.62686669648583
150,0.001425205796318717,0.001425205796318717,2.358716629445553,0.050000000000000024,1.278946836789449,65.85821111878353,99.6268673797152,150,5257694,4.324729482332866,55.22388207734521,99.06716520394852
151,0.001397920195830024,0.001397920195830024,2.361667262390256,0.050000000000000024,1.2698077658812206,63.99253928127573,100.00000079710092,151,5257694,4.310262501239777,55.037315027037664,99.62686669648583
152,0.0013707574697881507,0.0013707574697881507,2.3468006141483784,0.050000000000000024,1.3074755370616913,66.04477782747638,99.44029924762783,152,5257694,4.2960324088732404,55.41044981088211,99.25373259587074
153,0.0013437231570527018,0.0013437231570527018,2.328335978090763,0.050000000000000024,1.2931383450826008,66.60447956910774,99.81343334824291,153,5257694,4.279358347256978,55.037315027037664,98.88059849525565
154,0.001316822770298013,0.001316822770298013,2.354723334312439,0.050000000000000024,1.261181155840556,65.2985099678609,99.6268673797152,154,5257694,4.266873260339101,55.22388139411585,99.6268673797152
155,0.0012900617948890436,0.0012900617948890436,2.362657807767391,0.050000000000000024,1.282925506432851,65.48507701816844,99.25373322216433,155,5257694,4.251131296157837,55.41044844442339,99.06716588717788
156,0.0012634456877628278,0.0012634456877628278,2.34836982563138,0.050000000000000024,1.2651284635066986,65.29850928463154,100.00000079710092,156,5257694,4.236431181430817,55.22388139411585,99.2537332791001
157,0.001236979876315731,0.001236979876315731,2.359373640269041,0.050000000000000024,1.266898974776268,64.17910661270369,100.00000079710092,157,5257694,4.221285839875539,55.78358288665316,98.88059849525565
158,0.0012106697572967311,0.0012106697572967311,2.3441603258252144,0.050000000000000024,1.3074762622515361,65.2985099678609,99.81343408840806,158,5257694,4.207376341025035,55.59701583634561,99.62686663955006
159,0.0011845206957069403,0.0011845206957069403,2.353123139590025,0.050000000000000024,1.2890972544749577,68.0970167473181,99.62686663955006,159,5257694,4.1936601003011065,55.22388173573053,99.62686669648583
160,0.0011585380237056093,0.0011585380237056093,2.3512955978512764,0.050000000000000024,1.2606711039940517,66.23134487778393,99.2537332791001,160,5257694,4.177875260512034,55.037314685422984,100.00000079710092
161,0.0011327270395228282,0.0011327270395228282,2.3509316742420197,0.050000000000000024,1.2549827645222347,66.41791158647679,99.4402999308572,161,5257694,4.16384752591451,55.78358254503848,99.25373253893497
162,0.0011070930063791374,0.0011070930063791374,2.3760976046323776,0.050000000000000024,1.2486606587966282,65.48507664808587,99.81343408840806,162,5257694,4.149370710055034,55.783583228267844,99.06716520394852
163,0.0010816411514122887,0.0010816411514122887,2.3304668366909027,0.050000000000000024,1.2680264314015706,66.41791295293552,99.44029924762783,163,5257694,4.133465806643168,55.41044844442339,99.6268673797152
164,0.001056376664611355,0.001056376664611355,2.340403165668249,0.050000000000000024,1.2757914066314697,64.552240400172,99.4402999308572,164,5257694,4.119859158992767,55.037314685422984,99.44029998779297
165,0.0010313046977584205,0.0010313046977584205,2.3566263914108276,0.050000000000000024,1.246451497077942,66.04477782747638,99.62686663955006,165,5257694,4.106446663538615,55.97015062019007,99.06716588717788
166,0.0010064303633780629,0.0010064303633780629,2.331542272120714,0.050000000000000024,1.2611047128836315,63.80597159399915,99.6268673797152,166,5257694,4.090458830197652,55.78358288665316,99.06716588717788
167,0.0009817587336948316,0.0009817587336948316,2.3447391130030155,0.050000000000000024,1.2535821745793025,66.23134540443989,99.62686663955006,167,5257694,4.076204160849254,56.529851771112696,99.44030067102233
168,0.0009572948395989579,0.0009572948395989579,2.3485665768384933,0.050000000000000024,1.2434939344724019,66.41791319491259,99.6268673797152,168,5257694,4.063053250312805,56.529852112727376,99.44029998779297
169,0.0009330436696204802,0.0009330436696204802,2.3529507219791412,0.050000000000000024,1.2857653896013896,64.73880751453228,99.6268673797152,169,5257694,4.047952810923259,56.52985108788334,99.06716651347146
170,0.0009090101689120168,0.0009090101689120168,2.3228223472833633,0.050000000000000024,1.2602277447779973,66.0447782402608,100.00000079710092,170,5257694,4.033264259497325,56.902985871727786,99.06716657040724
171,0.0008851992382403757,0.0008851992382403757,2.367215007543564,0.050000000000000024,1.272913361589114,64.92537609498892,100.00000079710092,171,5257694,4.018159806728363,57.08955326365001,99.62686669648583
172,0.0008616157329872272,0.0008616157329872272,2.339417450129986,0.050000000000000024,1.27353639403979,65.67164339948056,99.81343408840806,172,5257694,4.004165947437286,57.08955326365001,99.25373253893497
173,0.000838264462159015,0.000838264462159015,2.34528486430645,0.050000000000000024,1.2408565829197566,69.58955437389773,100.00000079710092,173,5257694,3.988500416278839,57.83582180649487,99.0671658302421
174,0.0008151501874063384,0.0008151501874063384,2.355840992182493,0.050000000000000024,1.2632345308860142,66.2313445504032,100.00000079710092,174,5257694,3.9752277731895447,57.276120655572235,99.06716657040724
175,0.0007922776220529838,0.0007922776220529838,2.353757491335273,0.050000000000000024,1.2547111262877781,65.67164420013997,100.00000079710092,175,5257694,3.9611287117004395,57.08955326365001,99.0671658302421
176,0.0007696514301348105,0.0007696514301348105,2.3296811636537313,0.050000000000000024,1.2455742955207825,67.16418215054185,100.00000079710092,176,5257694,3.9469982385635376,57.83582214810955,98.50746433770479
177,0.0007472762254486909,0.0007472762254486909,2.3486641235649586,0.050000000000000024,1.2589271714289982,67.91045089266193,99.81343334824291,177,5257694,3.9318274656931558,58.022388856802415,99.0671658302421
178,0.0007251565706116906,0.0007251565706116906,2.339677896350622,0.050000000000000024,1.240784948070844,69.4029869819755,100.00000079710092,178,5257694,3.9174902637799582,57.46268804749446,99.2537332791001
179,0.0007032969761306895,0.0007032969761306895,2.344338834285736,0.050000000000000024,1.238947833577792,68.6567179836444,100.00000079710092,179,5257694,3.9041131337483725,57.83582283133891,99.25373185570561
180,0.0006817018994826232,0.0006817018994826232,2.3317781519144773,0.050000000000000024,1.212139293551445,68.09701654804287,99.81343408840806,180,5257694,3.88904869556427,57.276120655572235,99.2537332791001
181,0.0006603757442055446,0.0006603757442055446,2.3564818501472473,0.050000000000000024,1.2435668508211772,68.84328631500699,99.6268673797152,181,5257694,3.875866949558258,56.529851771112696,99.0671658302421
182,0.000639322859000679,0.000639322859000679,2.3419479057192802,0.050000000000000024,1.235136146346728,69.02985157895444,99.44029998779297,182,5257694,3.861985921859741,57.276120655572235,99.62686669648583
183,0.0006185475368456616,0.0006185475368456616,2.365296956151724,0.050000000000000024,1.2576615413029988,67.72388312709866,99.81343408840806,183,5257694,3.8483967185020447,56.71641847980556,99.44029998779297
184,0.0005980540141191429,0.0005980540141191429,2.342002173885703,0.050000000000000024,1.2184896270434062,68.28358399690087,99.81343408840806,184,5257694,3.833348055680593,57.08955428849405,99.62686669648583
185,0.0005778464697369295,0.0005778464697369295,2.345068287104368,0.050000000000000024,1.2324899733066559,69.58955393264543,100.00000079710092,185,5257694,3.8183485865592957,57.649255439416685,99.25373259587074
186,0.0005579290242998457,0.0005579290242998457,2.365709885954857,0.050000000000000024,1.2191372861464818,69.96268791938896,99.81343408840806,186,5257694,3.8029000957806907,58.208956931954,99.44029998779297
187,0.0005383057392534843,0.0005383057392534843,2.3337571807205677,0.050000000000000024,1.2621795237064362,70.14925590913687,100.00000079710092,187,5257694,3.787819425264994,58.20895727356868,99.62686663955006
188,0.000518980616060022,0.000518980616060022,2.3105048574507236,0.050000000000000024,1.2284233222405117,68.09701693235938,99.62686669648583,188,5257694,3.7750784158706665,58.3955246654909,99.62686669648583
189,0.0004999575953822652,0.0004999575953822652,2.3315633311867714,0.050000000000000024,1.2321727027495701,68.65671974865359,100.00000079710092,189,5257694,3.7619697054227195,58.768658082876634,99.62686669648583
190,0.00048124055628009314,0.00048124055628009314,2.3185362704098225,0.050000000000000024,1.2236381024122238,69.40298648378742,99.81343408840806,190,5257694,3.7473144133885703,57.83582248972423,99.44029924762783
191,0.0004628333154194642,0.0004628333154194642,2.3284473158419132,0.050000000000000024,1.2067367434501648,69.58955491478764,99.81343408840806,191,5257694,3.734527031580607,58.768658082876634,99.62686669648583
192,0.00044473962629414457,0.00044473962629414457,2.3074413426220417,0.050000000000000024,1.2174703826506932,68.65671823985541,99.62686663955006,192,5257694,3.7175281643867493,58.208956931954,99.25373253893497
193,0.0004269631784603167,0.0004269631784603167,2.331915467977524,0.050000000000000024,1.195384884874026,68.6567182967912,99.62686663955006,193,5257694,3.705749789873759,58.20895727356868,99.44029998779297
194,0.00040950759678422857,0.00040950759678422857,2.3298367615789175,0.050000000000000024,1.2181910276412964,69.40298730935623,100.00000079710092,194,5257694,3.689691742261251,58.022389540031774,99.62686669648583
195,0.000392376440703033,0.000392376440703033,2.3439237102866173,0.050000000000000024,1.2222644438346226,68.09701720280434,100.00000079710092,195,5257694,3.677014390627543,58.022389540031774,99.44029930456361
196,0.00037557320349896825,0.00037557320349896825,2.31632574275136,0.050000000000000024,1.2245777646700542,68.47015289762128,100.00000079710092,196,5257694,3.663877705732981,57.83582248972423,99.81343408840806
197,0.000359101311587028,0.000359101311587028,2.342160474509001,0.050000000000000024,1.2120489031076431,70.1492556671598,100.00000079710092,197,5257694,3.6501648227373757,58.76865842449131,99.62686669648583
198,0.0003429641238162691,0.0003429641238162691,2.3601120859384537,0.050000000000000024,1.2109572142362595,68.84328628653911,99.81343334824291,198,5257694,3.6360396345456443,58.95522513318418,99.62686669648583
199,0.00032716493078489405,0.00032716493078489405,2.3237537778913975,0.050000000000000024,1.2196766187747319,69.40298738052596,99.81343334824291,199,5257694,3.6228566765785217,58.95522513318418,99.25373253893497
200,0.0003117069541692528,0.0003117069541692528,2.3627573624253273,0.050000000000000024,1.2033079812924068,69.40298746592963,99.6268673797152,200,5257694,3.608844737211863,58.395523299032185,99.44029924762783
201,0.0002965933460668971,0.0002965933460668971,2.326503721997142,0.050000000000000024,1.1941399971644084,69.40298715278284,99.81343408840806,201,5257694,3.5956748525301614,58.395522957417505,99.25373185570561
202,0.0002818271883538243,0.0002818271883538243,2.3327766060829163,0.050000000000000024,1.2057140717903774,69.40298894625991,100.00000079710092,202,5257694,3.581881046295166,58.76865876610599,99.44029924762783
203,0.0002674114920560399,0.0002674114920560399,2.347507767379284,0.050000000000000024,1.2182759046554565,68.09701693235938,100.00000079710092,203,5257694,3.5675948659578958,58.58209137418377,99.44029930456361
204,0.00025334919673556685,0.00025334919673556685,2.3180285822600126,0.050000000000000024,1.2246486792961757,69.40298745169568,99.81343408840806,204,5257694,3.554202695687612,59.32835957541395,99.44029930456361
205,0.00023964316989102757,0.00023964316989102757,2.33972011692822,0.050000000000000024,1.204336330294609,69.21641998860373,100.00000079710092,205,5257694,3.541170080502828,59.1417925251064,99.62686669648583
206,0.0002262962063729217,0.0002262962063729217,2.33080892637372,0.050000000000000024,1.1985540986061096,70.14925643579284,100.00000079710092,206,5257694,3.527381718158722,59.51492765056553,99.62686669648583
207,0.00021331102781371617,0.00021331102781371617,2.328318640589714,0.050000000000000024,1.198995257417361,69.58955428849406,100.00000079710092,207,5257694,3.5138232509295144,59.51492662572149,99.81343408840806
208,0.00020069028207286656,0.00020069028207286656,2.3030097130686045,0.050000000000000024,1.196138049165408,69.96268750660455,99.81343408840806,208,5257694,3.500934104124705,59.32835991702863,99.44029930456361
209,0.00018843654269688187,0.00018843654269688187,2.329954791814089,0.050000000000000024,1.2132624238729477,68.84328557484186,100.00000079710092,209,5257694,3.4872493743896484,59.32835957541395,99.25373259587074
210,0.00017655230839454215,0.00017655230839454215,2.3340946715325117,0.050000000000000024,1.2095262904961903,69.21641959005328,100.00000079710092,210,5257694,3.4737860560417175,59.70149401764372,99.62686669648583
211,0.00016504000252737672,0.00016504000252737672,2.3179718777537346,0.050000000000000024,1.2053587784369786,69.4029869819755,100.00000079710092,211,5257694,3.45930149157842,58.76865842449131,99.81343408840806
212,0.00015390197261550673,0.00015390197261550673,2.3428323417901993,0.050000000000000024,1.2094084372123082,69.58955403228305,99.81343408840806,212,5257694,3.4481491247812905,58.95522547479886,99.44029930456361
213,0.00014314048985895365,0.00014314048985895365,2.3315821774303913,0.050000000000000024,1.211115340391795,69.2164200740074,100.00000079710092,213,5257694,3.4349279403686523,59.32835957541395,99.81343408840806
214,0.00013275774867450925,0.00013275774867450925,2.359330367296934,0.050000000000000024,1.2142319281895955,69.96268900116878,100.00000079710092,214,5257694,3.4220332702000937,59.14179320833576,99.62686669648583
215,0.00012275586624826352,0.00012275586624826352,2.350831627845764,0.050000000000000024,1.2194152176380157,68.84328611573177,100.00000079710092,215,5257694,3.407772203286489,59.14179286672108,99.62686669648583
216,0.00011313688210388087,0.00011313688210388087,2.3262185268104076,0.050000000000000024,1.2127879808346431,69.77612210743463,100.00000079710092,216,5257694,3.395372748374939,59.14179320833576,99.25373259587074
217,0.00010390275768671255,0.00010390275768671255,2.3042331766337156,0.050000000000000024,1.21213402847449,70.33582369960956,100.00000079710092,217,5257694,3.3813350995381675,58.76865876610599,99.44029998779297
218,9.505537596383082e-05,9.505537596383082e-05,2.332567121833563,0.050000000000000024,1.210969015955925,69.40298716701679,100.00000079710092,218,5257694,3.3689797719319663,59.32835957541395,99.81343408840806
219,8.659654104006532e-05,8.659654104006532e-05,2.296680836006999,0.050000000000000024,1.2025120208660762,69.77612094025113,100.00000079710092,219,5257694,3.3555636008580527,58.58209103256909,99.6268673797152
220,7.852797779012113e-05,7.852797779012113e-05,2.3379117883741856,0.050000000000000024,1.199559822678566,70.708956931954,100.00000079710092,220,5257694,3.343324383099874,59.32835991702863,99.62686669648583
221,7.08513315068527e-05,7.08513315068527e-05,2.29570684581995,0.050000000000000024,1.1995595147212346,69.58955511406286,99.81343408840806,221,5257694,3.329660435517629,59.88806140956594,99.81343408840806
222,6.356816756576526e-05,6.356816756576526e-05,2.326948508620262,0.050000000000000024,1.1971958577632904,69.96268887306327,99.81343408840806,222,5257694,3.318931261698405,59.51492696733617,99.62686669648583
223,5.667997110581329e-05,5.667997110581329e-05,2.348993245512247,0.050000000000000024,1.1991573174794514,69.77612156654472,99.81343408840806,223,5257694,3.304151435693105,58.95522581641354,99.62686669648583
224,5.0188146726559885e-05,5.0188146726559885e-05,2.343053601682186,0.050000000000000024,1.1998853137095769,70.33582291674259,100.00000079710092,224,5257694,3.2927826046943665,58.58209205741313,99.62686669648583
225,4.4094018201758875e-05,4.4094018201758875e-05,2.329893559217453,0.050000000000000024,1.200267160932223,70.70895687501822,99.81343408840806,225,5257694,3.2812241514523826,59.51492730895085,99.62686669648583
226,3.839882820941929e-05,3.839882820941929e-05,2.3323086947202682,0.050000000000000024,1.2017274796962738,69.40298609947091,99.81343408840806,226,5257694,3.264798164367676,58.95522547479886,99.81343408840806
227,3.3103738078405954e-05,3.3103738078405954e-05,2.3391657061874866,0.050000000000000024,1.1984785497188568,70.70895755824758,100.00000079710092,227,5257694,3.2560116251309714,59.32836025864331,99.2537332791001
228,2.820982755162787e-05,2.820982755162787e-05,2.3379983324557543,0.050000000000000024,1.1997670084238052,70.33582223351323,100.00000079710092,228,5257694,3.2406821250915527,59.51492730895085,99.62686669648583
229,2.3718094565863785e-05,2.3718094565863785e-05,2.3466549832373857,0.050000000000000024,1.1988687018553417,70.14925576679742,99.81343408840806,229,5257694,3.2295822501182556,59.32835923379927,99.44029930456361
230,1.9629455048269117e-05,1.9629455048269117e-05,2.3112535923719406,0.050000000000000024,1.200670763850212,69.9626888161275,100.00000079710092,230,5257694,3.217230260372162,59.7014943592584,99.44029924762783
231,1.5944742729605234e-05,1.5944742729605234e-05,2.317383363842964,0.050000000000000024,1.198909729719162,70.14925508356806,100.00000079710092,231,5257694,3.2043010592460632,59.32836025864331,99.44029930456361
232,1.266470897423038e-05,1.266470897423038e-05,2.3111803270876408,0.050000000000000024,1.1994346628586452,70.33582217657744,100.00000079710092,232,5257694,3.193605661392212,60.82089734433302,99.62686669648583
233,9.790022626885833e-06,9.790022626885833e-06,2.3096104823052883,0.050000000000000024,1.1994628806908925,70.1492556671598,100.00000079710092,233,5257694,3.18089367945989,59.7014943592584,99.44029924762783
234,7.3212698763093865e-06,7.3212698763093865e-06,2.320965450257063,0.050000000000000024,1.1980144381523132,70.52238908454554,99.81343408840806,234,5257694,3.171229879061381,60.0746281182588,99.81343408840806
235,5.258954135702616e-06,5.258954135702616e-06,2.3378962725400925,0.050000000000000024,1.19748854637146,70.149254841591,99.81343408840806,235,5257694,3.157590846220652,60.63433029402548,99.25373185570561
236,3.603495940078614e-06,3.603495940078614e-06,2.337013904005289,0.050000000000000024,1.2013805210590363,69.77612142420527,100.00000079710092,236,5257694,3.1461246808369956,60.261195510181025,99.62686669648583
237,2.355232860508664e-06,2.355232860508664e-06,2.358441673219204,0.050000000000000024,1.2004935791095097,69.77612142420527,99.81343408840806,237,5257694,3.134464959303538,60.63433063564016,99.81343408840806
238,1.5144194352868673e-06,1.5144194352868673e-06,2.3558090291917324,0.050000000000000024,1.199348822236061,70.89552549105971,99.81343408840806,238,5257694,3.121243397394816,61.00746576109929,99.4402999308572
239,1.0812271180260533e-06,1.0812271180260533e-06,2.323375880718231,0.050000000000000024,1.1987009594837825,70.1492556671598,100.00000079710092,239,5257694,3.1090214053789773,60.82089700271834,99.6268673797152
