,train_lr,train_min_lr,train_loss,train_weight_decay,test_loss,test_acc1,test_acc5,epoch,n_parameters,test_loss_ema,test_acc1_ema,test_acc5_ema
0,8.81E-05,8.81E-05,6.760922633,0.05,6.844401757,16.41791068,39.55223994,0,22459488,6.911718289,0,0
1,0.000289308,0.000289308,5.03996459,0.05,2.177793513,25.3731349,91.7910458,1,22459488,6.911544005,0,0
2,0.000490566,0.000490566,2.948765755,0.05,1.996011893,15.85820935,86.38059861,2,22459488,6.911121686,0,0
3,0.000691824,0.000691824,2.828978445,0.05,1.920218815,27.61194172,91.79104643,3,22459488,6.910580715,0,0
4,0.000893082,0.000893082,2.640574358,0.05,1.906503707,38.43283696,94.9626881,4,22459488,6.909936786,0,0
5,0.00109434,0.00109434,2.577794936,0.05,1.767673492,38.99253845,96.64179196,5,22459488,6.909120917,0,0
6,0.001295597,0.001295597,2.583244503,0.05,1.877161215,23.88059884,94.21641979,6,22459488,6.908156355,0,0
7,0.001496855,0.001496855,2.595282242,0.05,1.813549499,27.61194155,97.0149264,7,22459488,6.907091061,0,0
8,0.001698113,0.001698113,2.595484175,0.05,1.814764957,23.5074635,95.89552319,8,22459488,6.905931791,0,0
9,0.001899371,0.001899371,2.576933999,0.05,1.831280629,27.05223946,92.35074729,9,22459488,6.904715538,0,0
10,0.002100629,0.002100629,2.573132385,0.05,1.654657702,40.85821071,91.97761285,10,22459488,6.903423389,0,0
11,0.002301887,0.002301887,2.564468596,0.05,1.688704044,35.82089615,100.0000008,11,22459488,6.902020931,0,0
12,0.002503145,0.002503145,2.569548879,0.05,1.787111561,36.00746394,95.70895659,12,22459488,6.900553147,0,0
13,0.002704403,0.002704403,2.55788669,0.05,1.53217412,40.48507587,92.72388276,13,22459488,6.899005254,0,0
14,0.00290566,0.00290566,2.550539035,0.05,1.584593246,42.35074808,93.65671756,14,22459488,6.897378842,0,0
15,0.003106918,0.003106918,2.53066849,0.05,1.504830539,57.64925578,92.35074709,15,22459488,6.895644426,0,0
16,0.003308176,0.003308176,2.540517557,0.05,1.861195614,31.90298593,89.55224029,16,22459488,6.893806497,0,8.58208978
17,0.003509434,0.003509434,2.563379083,0.05,1.747342855,33.39552319,93.2835836,17,22459488,6.891897877,8.58208978,20.52238852
18,0.003710692,0.003710692,2.530507993,0.05,1.565451955,54.29104546,94.02985245,18,22459488,6.889911373,8.58208978,20.52238852
19,0.00391195,0.00391195,2.538440254,0.05,1.721604258,38.43283699,91.79104569,19,22459488,6.887773554,8.58208978,28.73134385
20,0.003999944,0.003999944,2.506333642,0.05,1.493459245,50.00000125,96.45522491,20,22459488,6.885454019,8.58208978,28.73134385
21,0.003999562,0.003999562,2.520371094,0.05,1.438899954,55.03731503,99.44029999,21,22459488,6.882947644,8.58208978,28.73134385
22,0.003998772,0.003998772,2.514351789,0.05,1.625600566,46.45522491,96.26865791,22,22459488,6.880247633,8.58208978,40.2985078
23,0.003997575,0.003997575,2.536959182,0.05,1.511859228,46.08209098,98.13432961,23,22459488,6.87746191,8.58208978,40.2985078
24,0.00399597,0.00399597,2.542358842,0.05,1.563861907,47.01492682,95.33582215,24,22459488,6.874529918,8.58208978,40.2985078
25,0.003993959,0.003993959,2.517068494,0.05,1.403989712,54.47761285,97.7611954,25,22459488,6.871419589,11.94029942,40.2985078
26,0.003991541,0.003991541,2.521930736,0.05,1.543736001,43.65671825,96.45522565,26,22459488,6.86824286,11.94029942,40.2985078
27,0.003988717,0.003988717,2.509953715,0.05,1.516563535,51.30597163,99.2537326,27,22459488,6.864989281,11.94029942,45.8955229
28,0.003985487,0.003985487,2.507278614,0.05,1.556932847,54.85074798,97.38806067,28,22459488,6.861455957,11.94029942,45.8955229
29,0.003981853,0.003981853,2.477880891,0.05,1.461610824,53.73134431,98.88059781,29,22459488,6.857746204,11.94029942,45.8955229
30,0.003977815,0.003977815,2.493600741,0.05,1.478513171,49.25373268,99.2537326,30,22459488,6.853846788,11.94029942,45.8955229
31,0.003973374,0.003973374,2.515040234,0.05,1.464110106,49.44030044,94.21641985,31,22459488,6.849907478,11.94029942,45.8955229
32,0.00396853,0.00396853,2.54893665,0.05,1.628282269,40.11194144,95.70895705,32,22459488,6.845736861,11.94029942,45.8955229
33,0.003963285,0.003963285,2.524290722,0.05,1.649928133,43.09701575,97.57462812,33,22459488,6.841486494,11.94029942,45.8955229
34,0.00395764,0.00395764,2.528171327,0.05,1.673361033,34.32835946,97.20149311,34,22459488,6.836746653,11.94029942,54.47761268
35,0.003951595,0.003951595,2.509147003,0.05,1.54867808,37.3134344,99.0671652,35,22459488,6.83162872,20.5223892,54.47761268
36,0.003945153,0.003945153,2.517837945,0.05,1.529276103,42.53731428,98.88059804,36,22459488,6.826192935,20.5223892,54.47761268
37,0.003938314,0.003938314,2.519932084,0.05,1.518057714,49.06716515,91.41791119,37,22459488,6.820712328,20.5223892,66.04477732
38,0.003931081,0.003931081,2.506641939,0.05,1.559327076,41.41791216,96.82835923,38,22459488,6.815049966,20.5223892,66.04477732
39,0.003923453,0.003923453,2.505096592,0.05,1.598048449,40.67164327,95.33582203,39,22459488,6.809228897,20.5223892,66.04477732
40,0.003915433,0.003915433,2.523890186,0.05,1.557595621,47.57462829,98.50746354,40,22459488,6.803498705,20.5223892,74.25373265
41,0.003907023,0.003907023,2.522330999,0.05,1.590350151,39.5522396,95.89552262,41,22459488,6.797674974,20.5223892,78.35821015
42,0.003898224,0.003898224,2.516468391,0.05,1.461335883,52.42537431,98.13432961,42,22459488,6.791558901,20.5223892,78.35821015
43,0.003889038,0.003889038,2.480377488,0.05,1.462773144,42.72388233,97.94776245,43,22459488,6.785059611,20.5223892,78.35821015
44,0.003879467,0.003879467,2.497637842,0.05,1.567334811,46.0820908,98.320897,44,22459488,6.778220971,20.5223892,90.2985082
45,0.003869513,0.003869513,2.484397121,0.05,1.376304507,56.90298724,99.0671652,45,22459488,6.771257321,20.5223892,90.2985082
46,0.003859178,0.003859178,2.471453376,0.05,1.456150482,55.41045049,96.26865842,46,22459488,6.764166276,20.5223892,90.2985082
47,0.003848464,0.003848464,2.469200771,0.05,1.351102427,57.276121,99.2537326,47,22459488,6.757030408,20.5223892,90.2985082
48,0.003837373,0.003837373,2.452250939,0.05,1.295178329,55.78358403,98.6940311,48,22459488,6.749747396,20.5223892,90.2985082
49,0.003825907,0.003825907,2.474343788,0.05,1.421160569,55.03731503,99.0671652,49,22459488,6.742320617,20.5223892,90.2985082
50,0.003814069,0.003814069,2.48706628,0.05,1.459424198,51.11940424,97.57462766,50,22459488,6.734794299,20.5223892,90.2985082
51,0.003801862,0.003801862,2.434396539,0.05,1.272527575,55.59701584,99.0671652,51,22459488,6.726877014,20.5223892,90.2985082
52,0.003789287,0.003789287,2.456476822,0.05,1.564856778,50.93283769,96.82835906,52,22459488,6.718582471,20.5223892,90.2985082
53,0.003776347,0.003776347,2.482881285,0.05,1.364925414,54.85074798,99.2537326,53,22459488,6.7102379,20.5223892,90.2985082
54,0.003763045,0.003763045,2.452962615,0.05,1.314076841,59.32835992,98.88059781,54,22459488,6.701734145,20.5223892,90.2985082
55,0.003749384,0.003749384,2.442192096,0.05,1.392488301,52.98507611,98.13432916,55,22459488,6.692932208,20.5223892,90.2985082
56,0.003735366,0.003735366,2.455220912,0.05,1.379664158,54.66418041,98.6940311,56,22459488,6.684166312,20.5223892,90.2985082
57,0.003720994,0.003720994,2.42491531,0.05,1.399260779,49.25373225,99.81343409,57,22459488,6.675414284,20.5223892,90.2985082
58,0.003706271,0.003706271,2.423511293,0.05,1.242143144,66.04477848,99.2537326,58,22459488,6.666622361,20.5223892,90.2985082
59,0.003691201,0.003691201,2.41457684,0.05,1.220772872,65.48507591,98.13432961,59,22459488,6.657812357,20.5223892,90.2985082
60,0.003675786,0.003675786,2.425548051,0.05,1.317883397,55.59701695,98.50746439,60,22459488,6.648803552,20.5223892,90.2985082
61,0.003660029,0.003660029,2.430664901,0.05,1.261095872,56.71641963,99.2537326,61,22459488,6.639753222,20.5223892,90.2985082
62,0.003643934,0.003643934,2.442746155,0.05,1.276830261,65.67164405,99.2537326,62,22459488,6.630596995,20.5223892,90.2985082
63,0.003627504,0.003627504,2.428409103,0.05,1.20017762,61.94029971,98.88059781,63,22459488,6.621218959,20.5223892,90.2985082
64,0.003610742,0.003610742,2.390776072,0.05,1.344608362,55.22388312,99.0671652,64,22459488,6.611495733,20.5223892,90.2985082
65,0.003593652,0.003593652,2.419187136,0.05,1.268646479,62.50000048,97.38806061,65,22459488,6.601679921,23.88059884,90.2985082
66,0.003576236,0.003576236,2.430453464,0.05,1.200977837,63.80597248,99.44029999,66,22459488,6.591860533,23.88059884,90.2985082
67,0.0035585,0.0035585,2.413194619,0.05,1.235397746,65.67164407,97.38806141,67,22459488,6.581852516,23.88059884,90.2985082
68,0.003540446,0.003540446,2.402799018,0.05,1.16664207,63.99253962,99.25373328,68,22459488,6.571635882,23.88059884,90.2985082
69,0.003522077,0.003522077,2.405066423,0.05,1.252258897,55.7835838,99.2537326,69,22459488,6.561392109,23.88059884,90.2985082
70,0.003503399,0.003503399,2.387439266,0.05,1.317504972,57.83582336,98.32089769,70,22459488,6.551065405,23.88059884,90.2985082
71,0.003484414,0.003484414,2.400387943,0.05,1.280887743,60.26119505,95.14925544,71,22459488,6.540555914,23.88059884,90.2985082
72,0.003465126,0.003465126,2.419963058,0.05,1.169091538,61.94030108,98.8805985,72,22459488,6.529973745,23.88059884,90.2985082
73,0.00344554,0.00344554,2.382134791,0.05,1.220704784,62.68656899,99.2537326,73,22459488,6.519190868,23.88059884,90.2985082
74,0.003425659,0.003425659,2.399052985,0.05,1.262501622,59.88806161,99.06716589,74,22459488,6.508325179,23.88059884,90.2985082
75,0.003405488,0.003405488,2.409204405,0.05,1.219724263,57.0895538,99.2537326,75,22459488,6.497336268,23.88059884,90.2985082
76,0.00338503,0.00338503,2.419317987,0.05,1.275139675,58.95522556,99.2537326,76,22459488,6.486214121,23.88059884,90.2985082
77,0.003364289,0.003364289,2.398163974,0.05,1.128047292,67.72388191,99.2537326,77,22459488,6.474869847,23.88059884,90.2985082
78,0.003343271,0.003343271,2.395208567,0.05,1.151960164,65.29850897,99.2537326,78,22459488,6.463246981,23.88059884,90.2985082
79,0.003321979,0.003321979,2.368673861,0.05,1.20065252,59.70149388,97.20149402,79,22459488,6.451782107,23.88059884,90.2985082
80,0.003300417,0.003300417,2.405574508,0.05,1.116541152,65.2985094,100.0000008,80,22459488,6.440349817,23.88059884,90.2985082
81,0.00327859,0.00327859,2.391462352,0.05,1.12502334,67.91045004,99.81343409,81,22459488,6.428771377,23.88059884,90.2985082
82,0.003256503,0.003256503,2.383928329,0.05,1.219970788,61.19403264,97.9477629,82,22459488,6.417431792,23.88059884,90.2985082
83,0.003234159,0.003234159,2.374794722,0.05,1.154430787,62.31343363,97.9477629,83,22459488,6.405884981,23.88059884,90.2985082
84,0.003211564,0.003211564,2.413178615,0.05,1.168897167,63.61940509,98.8805985,84,22459488,6.394347588,23.88059884,90.2985082
85,0.003188722,0.003188722,2.382345092,0.05,1.132346163,63.80597305,99.0671652,85,22459488,6.382699251,23.88059884,90.2985082
86,0.003165638,0.003165638,2.384766523,0.05,1.196347252,62.50000225,98.6940311,86,22459488,6.370734016,23.88059884,90.2985082
87,0.003142316,0.003142316,2.353707504,0.05,1.062571625,65.48507662,99.2537326,87,22459488,6.358896653,23.88059884,90.2985082
88,0.003118761,0.003118761,2.347193915,0.05,1.039438869,64.36567437,98.69403099,88,22459488,6.346947948,23.88059884,90.2985082
89,0.003094978,0.003094978,2.353718106,0.05,1.145317147,63.24627036,98.50746439,89,22459488,6.335273902,23.88059884,90.2985082
90,0.003070973,0.003070973,2.346694611,0.05,1.173481584,64.17910772,98.69403179,90,22459488,6.323556781,23.50746405,90.2985082
91,0.003046748,0.003046748,2.367811594,0.05,1.096799468,69.40298735,99.81343409,91,22459488,6.311769525,23.50746405,90.2985082
92,0.003022311,0.003022311,2.353793956,0.05,1.139562547,66.60447952,98.69403065,92,22459488,6.30007565,23.50746405,90.2985082
93,0.002997665,0.002997665,2.352022693,0.05,1.13502337,61.94030022,99.44029999,93,22459488,6.288206021,23.50746405,90.2985082
94,0.002972816,0.002972816,2.357810825,0.05,1.181845109,59.88806099,99.6268667,94,22459488,6.276509921,23.50746405,90.2985082
95,0.002947768,0.002947768,2.357246757,0.05,1.160516615,61.75373254,99.2537326,95,22459488,6.264901757,23.50746405,90.2985082
96,0.002922527,0.002922527,2.35774501,0.05,1.083529795,64.92537564,97.76119483,96,22459488,6.253338933,23.50746405,90.2985082
97,0.002897099,0.002897099,2.374747563,0.05,1.106589218,68.47015165,98.32089769,97,22459488,6.241916498,23.50746405,90.2985082
98,0.002871487,0.002871487,2.33500994,0.05,1.084745049,65.48507599,99.2537326,98,22459488,6.230459809,23.50746405,90.2985082
99,0.002845698,0.002845698,2.35169423,0.05,1.137731036,65.48507653,98.50746439,99,22459488,6.218848507,23.50746405,90.2985082
100,0.002819736,0.002819736,2.362197563,0.05,1.127200037,68.84328592,99.2537326,100,22459488,6.207213561,23.50746405,90.2985082
101,0.002793608,0.002793608,2.35986381,0.05,1.123247574,68.65671892,98.69403099,101,22459488,6.195866982,23.50746405,90.2985082
102,0.002767318,0.002767318,2.342389237,0.05,1.120917991,65.11194175,99.06716657,102,22459488,6.184332132,23.50746405,88.8059706
103,0.002740871,0.002740871,2.351204105,0.05,1.055970435,67.72388262,99.2537326,103,22459488,6.172868411,23.50746405,88.8059706
104,0.002714273,0.002714273,2.334936379,0.05,0.996272559,72.20149442,98.320897,104,22459488,6.161387563,23.50746405,88.8059706
105,0.00268753,0.00268753,2.357790962,0.05,1.141159306,60.44776319,98.50746371,105,22459488,6.150089661,23.50746405,88.8059706
106,0.002660647,0.002660647,2.335087484,0.05,1.030646518,66.60448086,99.4402993,106,22459488,6.13929077,23.50746405,88.8059706
107,0.002633629,0.002633629,2.320171937,0.05,1.138475299,61.75373294,99.2537326,107,22459488,6.128594041,23.50746405,88.8059706
108,0.002606482,0.002606482,2.300319383,0.05,1.053041453,67.1641815,99.44029999,108,22459488,6.117917061,23.50746405,88.8059706
109,0.002579211,0.002579211,2.324139915,0.05,1.134326711,68.47015187,99.2537326,109,22459488,6.106810888,23.50746405,88.8059706
110,0.002551823,0.002551823,2.33392857,0.05,1.064221243,69.96268919,98.13432961,110,22459488,6.095535517,23.50746405,88.8059706
111,0.002524322,0.002524322,2.342274506,0.05,1.012278343,70.8955233,99.2537326,111,22459488,6.083872279,23.50746405,88.8059706
112,0.002496714,0.002496714,2.348281566,0.05,1.052723259,73.5074657,98.50746439,112,22459488,6.072137674,23.50746405,88.8059706
113,0.002469005,0.002469005,2.34454021,0.05,1.220410973,57.27612185,97.01492663,113,22459488,6.060227156,23.50746405,88.8059706
114,0.002441201,0.002441201,2.31100825,0.05,1.008621727,69.21642042,100.0000008,114,22459488,6.048462709,23.50746405,88.8059706
115,0.002413306,0.002413306,2.281430323,0.05,0.996186311,72.01492825,99.2537326,115,22459488,6.036658605,23.50746405,88.8059706
116,0.002385328,0.002385328,2.322796099,0.05,1.158129041,60.63433029,98.13433098,116,22459488,6.024682045,23.50746405,88.8059706
117,0.002357271,0.002357271,2.308949491,0.05,1.041221971,70.1492553,99.6268667,117,22459488,6.012614648,23.50746405,88.8059706
118,0.002329141,0.002329141,2.349111993,0.05,1.177287892,66.79104711,98.50746439,118,22459488,6.000396132,23.50746405,88.8059706
119,0.002300944,0.002300944,2.328922741,0.05,1.019732078,73.50746428,99.6268667,119,22459488,5.988243143,23.50746405,88.8059706
120,0.002272686,0.002272686,2.315412074,0.05,1.066127424,68.65671858,100.0000008,120,22459488,5.976042151,23.50746405,88.8059706
121,0.002244373,0.002244373,2.325447354,0.05,1.126606375,61.38059855,98.50746439,121,22459488,5.963999987,23.50746405,88.8059706
122,0.002216009,0.002216009,2.3041825,0.05,0.941715906,75.74627105,99.44030067,122,22459488,5.952411413,23.50746405,88.8059706
123,0.002187602,0.002187602,2.309280291,0.05,1.031518648,71.82836106,99.2537326,123,22459488,5.94073832,23.50746405,88.8059706
124,0.002159157,0.002159157,2.299998773,0.05,1.075728968,69.40298781,98.6940311,124,22459488,5.929035584,23.50746405,88.8059706
125,0.002130679,0.002130679,2.314999068,0.05,0.925968712,75.55970331,98.88059781,125,22459488,5.91708978,23.50746405,88.8059706
126,0.002102175,0.002102175,2.337627754,0.05,1.084824473,69.96268793,98.8805985,126,22459488,5.904962778,23.50746405,88.8059706
127,0.00207365,0.00207365,2.273418128,0.05,0.991833794,70.70895685,98.13432961,127,22459488,5.892967701,23.50746405,88.8059706
128,0.00204511,0.00204511,2.286508644,0.05,1.067169249,71.82836117,98.13433029,128,22459488,5.880818526,23.50746405,88.8059706
129,0.002016561,0.002016561,2.297759447,0.05,1.115187407,64.17910641,97.2014947,129,22459488,5.868728161,23.50746405,88.8059706
130,0.001988008,0.001988008,2.330178253,0.05,1.157833512,60.63432978,99.44029999,130,22459488,5.856423418,23.50746405,88.8059706
131,0.001959459,0.001959459,2.297270898,0.05,0.985534457,71.82835949,99.62686738,131,22459488,5.844517469,23.50746405,88.8059706
132,0.001930917,0.001930917,2.266589593,0.05,1.110804146,65.85820994,99.44029999,132,22459488,5.832499107,23.50746405,88.8059706
133,0.00190239,0.00190239,2.268317457,0.05,1.007667889,70.70895722,99.44029999,133,22459488,5.820245186,23.50746405,88.8059706
134,0.001873883,0.001873883,2.290851559,0.05,0.984243458,71.64179332,98.8805985,134,22459488,5.807807644,23.50746405,88.8059706
135,0.001845401,0.001845401,2.304314578,0.05,1.001261468,75.74627025,99.2537326,135,22459488,5.795314789,23.50746405,88.8059706
136,0.001816952,0.001816952,2.290564068,0.05,0.979600628,72.38806175,99.2537326,136,22459488,5.783051888,23.50746405,88.8059706
137,0.001788539,0.001788539,2.273015581,0.05,0.966823563,75.5597028,98.8805985,137,22459488,5.770578504,23.50746405,88.8059706
138,0.00176017,0.00176017,2.299199259,0.05,0.941485504,76.86567415,99.2537326,138,22459488,5.758382082,23.50746405,88.8059706
139,0.00173185,0.00173185,2.296697035,0.05,0.999177486,71.08209183,99.2537326,139,22459488,5.746127407,23.50746405,88.8059706
140,0.001703585,0.001703585,2.276825355,0.05,0.911808737,76.49253925,99.44029999,140,22459488,5.734107137,23.50746405,88.8059706
141,0.00167538,0.00167538,2.305486539,0.05,1.049775501,71.8283606,97.9477629,141,22459488,5.721847097,23.50746405,88.8059706
142,0.001647242,0.001647242,2.284973603,0.05,1.071574802,66.97761547,99.4402993,142,22459488,5.709550182,23.50746405,88.8059706
143,0.001619175,0.001619175,2.297763187,0.05,1.055949241,71.64179412,98.32089695,143,22459488,5.697207093,23.50746405,88.8059706
144,0.001591187,0.001591187,2.283980183,0.05,0.950475802,76.67910624,98.8805985,144,22459488,5.684997678,23.50746405,88.8059706
145,0.001563281,0.001563281,2.29135778,0.05,0.944108903,75.7462711,98.69403179,145,22459488,5.672735174,23.50746405,88.8059706
146,0.001535465,0.001535465,2.288493803,0.05,1.048940197,71.82836117,99.2537326,146,22459488,5.660678824,23.50746405,88.8059706
147,0.001507744,0.001507744,2.240891203,0.05,0.90098431,77.23880774,99.2537326,147,22459488,5.648587664,23.50746405,88.8059706
148,0.001480123,0.001480123,2.280297717,0.05,1.003440335,73.50746519,99.2537326,148,22459488,5.636243939,23.50746405,88.8059706
149,0.001452609,0.001452609,2.209323647,0.05,0.855520651,77.61194246,99.6268667,149,22459488,5.623744766,23.50746405,88.8059706
150,0.001425206,0.001425206,2.265631163,0.05,0.91736789,71.82836106,99.06716589,150,22459488,5.611245235,23.50746405,88.8059706
151,0.00139792,0.00139792,2.255391654,0.05,0.916983724,75.37313695,100.0000008,151,22459488,5.598444661,23.50746405,88.8059706
152,0.001370757,0.001370757,2.234547799,0.05,0.98702166,71.26865973,98.8805985,152,22459488,5.585701744,23.50746405,88.8059706
153,0.001343723,0.001343723,2.259856855,0.05,0.964185943,75.74627071,98.6940311,153,22459488,5.572782119,23.50746405,88.8059706
154,0.001316823,0.001316823,2.264513083,0.05,0.932291582,77.23880848,99.4402993,154,22459488,5.559739391,23.50746405,88.8059706
155,0.001290062,0.001290062,2.288108278,0.05,0.949439481,78.91791255,98.50746439,155,22459488,5.546570539,23.50746405,88.8059706
156,0.001263446,0.001263446,2.271112572,0.05,0.953551163,73.50746457,99.2537326,156,22459488,5.533509056,23.50746405,88.8059706
157,0.00123698,0.00123698,2.225224821,0.05,0.874218725,77.05224034,98.8805985,157,22459488,5.520571669,23.50746405,88.8059706
158,0.00121067,0.00121067,2.278997101,0.05,0.940098554,75.1865699,98.6940311,158,22459488,5.507307768,23.50746405,88.8059706
159,0.001184521,0.001184521,2.244777819,0.05,0.916044978,74.62686789,98.88059781,159,22459488,5.494274537,23.50746405,88.8059706
160,0.001158538,0.001158538,2.228436766,0.05,0.880206004,75.9328377,98.6940311,160,22459488,5.481183688,23.50746405,88.8059706
161,0.001132727,0.001132727,2.272582803,0.05,0.926786433,77.05224171,99.44029999,161,22459488,5.467912237,23.50746405,88.8059706
162,0.001107093,0.001107093,2.256308379,0.05,0.91216434,77.05224074,99.2537326,162,22459488,5.454752048,23.50746405,88.8059706
163,0.001081641,0.001081641,2.232762434,0.05,0.916758622,77.79850928,99.2537326,163,22459488,5.441515009,23.50746405,88.8059706
164,0.001056377,0.001056377,2.208463635,0.05,0.876019595,76.67910619,98.8805985,164,22459488,5.428364476,23.50746405,88.8059706
165,0.001031305,0.001031305,2.269307777,0.05,0.947167476,76.11940509,99.62686738,165,22459488,5.415067037,23.50746405,88.8059706
166,0.00100643,0.00100643,2.240028113,0.05,0.950099419,75.74627088,98.6940311,166,22459488,5.401847323,23.50746405,88.8059706
167,0.000981759,0.000981759,2.228113998,0.05,0.898070013,75.74627071,99.2537318,167,22459488,5.388614535,23.50746405,88.8059706
168,0.000957295,0.000957295,2.262839885,0.05,0.976172209,74.62686761,98.6940311,168,22459488,5.37537388,23.50746405,88.8059706
169,0.000933044,0.000933044,2.237959325,0.05,0.895291418,73.32089723,98.8805985,169,22459488,5.362255136,23.50746405,88.8059706
170,0.00090901,0.00090901,2.210781801,0.05,0.924333155,74.06716623,99.2537326,170,22459488,5.349360029,23.50746405,88.8059706
171,0.000885199,0.000885199,2.225805594,0.05,0.929602623,78.544778,99.0671652,171,22459488,5.336252014,23.50746405,88.8059706
172,0.000861616,0.000861616,2.216363553,0.05,0.867829606,73.88059918,99.2537326,172,22459488,5.3230112,23.50746405,88.8059706
173,0.000838264,0.000838264,2.216145212,0.05,0.9542784,74.06716577,99.62686738,173,22459488,5.309988936,23.50746405,88.8059706
174,0.00081515,0.00081515,2.225683674,0.05,0.877367698,76.11940509,98.32089769,174,22459488,5.296722531,23.50746405,88.8059706
175,0.000792278,0.000792278,2.208343964,0.05,0.902924021,75.37313683,98.69403179,175,22459488,5.283370097,23.50746405,88.8059706
176,0.000769651,0.000769651,2.218908871,0.05,0.887891717,76.30597243,97.76119619,176,22459488,5.27007242,23.50746405,88.8059706
177,0.000747276,0.000747276,2.230540734,0.05,0.925460279,73.32089689,99.2537326,177,22459488,5.256723086,23.50746405,88.8059706
178,0.000725157,0.000725157,2.208100827,0.05,0.818070568,77.05224325,99.6268667,178,22459488,5.243392229,23.50746405,88.8059706
179,0.000703297,0.000703297,2.221133118,0.05,0.871180323,77.9850773,99.6268667,179,22459488,5.230002562,23.50746405,88.8059706
180,0.000681702,0.000681702,2.200361276,0.05,0.893750469,77.98507588,99.2537326,180,22459488,5.216663162,23.50746405,88.8059706
181,0.000660376,0.000660376,2.228922065,0.05,0.900702183,75.74627128,100.0000008,181,22459488,5.203405658,23.50746405,88.8059706
182,0.000639323,0.000639323,2.179558543,0.05,0.888914088,77.61194315,99.6268667,182,22459488,5.189886888,23.50746405,88.8059706
183,0.000618548,0.000618548,2.261045594,0.05,0.856953522,77.61194149,99.2537326,183,22459488,5.17649587,23.50746405,88.8059706
184,0.000598054,0.000598054,2.193531096,0.05,0.874722856,75.9328385,99.44029999,184,22459488,5.163167795,23.50746405,88.8059706
185,0.000577846,0.000577846,2.241907924,0.05,0.901229287,76.30597237,99.81343409,185,22459488,5.149591446,23.50746405,88.8059706
186,0.000557929,0.000557929,2.22300633,0.05,0.871140992,75.55970445,99.2537326,186,22459488,5.136121154,23.50746405,88.8059706
187,0.000538306,0.000538306,2.229211764,0.05,0.926204155,74.25373317,98.8805985,187,22459488,5.12254854,23.50746405,88.8059706
188,0.000518981,0.000518981,2.181608299,0.05,0.852329021,76.67910647,99.2537326,188,22459488,5.10900414,23.50746405,88.8059706
189,0.000499958,0.000499958,2.196955532,0.05,0.832710207,77.23880779,99.2537326,189,22459488,5.095563531,23.50746405,88.8059706
190,0.000481241,0.000481241,2.174539406,0.05,0.850923583,77.05224114,99.0671652,190,22459488,5.081992745,23.50746405,88.8059706
191,0.000462833,0.000462833,2.191010552,0.05,0.844943389,76.49253891,99.2537326,191,22459488,5.068489114,23.50746405,88.8059706
192,0.00044474,0.00044474,2.191158686,0.05,0.879822716,77.61194229,99.81343409,192,22459488,5.054941734,23.50746405,88.8059706
193,0.000426963,0.000426963,2.165285038,0.05,0.83192268,75.5597032,99.2537326,193,22459488,5.04144299,23.50746405,88.8059706
194,0.000409508,0.000409508,2.193824125,0.05,0.833173441,76.49253999,99.2537326,194,22459488,5.027729352,23.50746405,88.8059706
195,0.000392376,0.000392376,2.242557943,0.05,0.893011461,79.47761439,99.44029999,195,22459488,5.014049927,23.50746405,88.8059706
196,0.000375573,0.000375573,2.213697201,0.05,0.886173581,78.54477743,99.2537326,196,22459488,5.000330766,23.50746405,88.8059706
197,0.000359101,0.000359101,2.210723564,0.05,0.884839624,76.49253919,99.44029999,197,22459488,4.986752629,23.50746405,88.8059706
198,0.000342964,0.000342964,2.187046476,0.05,0.826396972,77.42537541,100.0000008,198,22459488,4.973297715,23.50746405,88.8059706
199,0.000327165,0.000327165,2.230434442,0.05,0.865981604,76.49253885,100.0000008,199,22459488,4.959895651,23.50746405,88.8059706
200,0.000311707,0.000311707,2.202075616,0.05,0.885796549,75.55970329,99.62686738,200,22459488,4.946341793,23.50746405,88.8059706
201,0.000296593,0.000296593,2.143789748,0.05,0.844233036,77.23880904,99.81343409,201,22459488,4.932829539,23.50746405,88.8059706
202,0.000281827,0.000281827,2.161612842,0.05,0.81197231,79.66418115,100.0000008,202,22459488,4.919535796,23.50746405,88.8059706
203,0.000267411,0.000267411,2.177291747,0.05,0.835050595,77.23880774,99.2537326,203,22459488,4.90606606,23.50746405,88.8059706
204,0.000253349,0.000253349,2.212447949,0.05,0.865116338,75.00000091,99.2537326,204,22459488,4.892430464,23.50746405,88.8059706
205,0.000239643,0.000239643,2.164634291,0.05,0.837484884,78.54477851,100.0000008,205,22459488,4.878832539,23.50746405,88.8059706
206,0.000226296,0.000226296,2.18753537,0.05,0.821155446,79.1044804,100.0000008,206,22459488,4.865357717,23.50746405,88.8059706
207,0.000213311,0.000213311,2.144998245,0.05,0.835323902,77.79851054,100.0000008,207,22459488,4.85189573,23.50746405,88.8059706
208,0.00020069,0.00020069,2.150718819,0.05,0.837679915,78.35821203,100.0000008,208,22459488,4.838356177,23.50746405,88.8059706
209,0.000188437,0.000188437,2.181405708,0.05,0.875617743,77.79851122,100.0000008,209,22459488,4.824846546,23.50746405,88.8059706
210,0.000176552,0.000176552,2.161868487,0.05,0.860709541,76.30597243,100.0000008,210,22459488,4.811180512,23.50746405,88.8059706
211,0.00016504,0.00016504,2.203640526,0.05,0.848316943,78.54477885,100.0000008,211,22459488,4.797625502,23.50746405,88.8059706
212,0.000153902,0.000153902,2.190085799,0.05,0.854724998,77.05224205,99.2537326,212,22459488,4.784159978,23.50746405,88.8059706
213,0.00014314,0.00014314,2.165052006,0.05,0.838665565,79.10447966,100.0000008,213,22459488,4.770570397,23.50746405,88.8059706
214,0.000132758,0.000132758,2.169746773,0.05,0.838566574,78.3582114,99.81343409,214,22459488,4.757023215,23.50746405,88.8059706
215,0.000122756,0.000122756,2.132148379,0.05,0.812075329,77.9850769,100.0000008,215,22459488,4.743541002,23.50746405,88.8059706
216,0.000113137,0.000113137,2.215542311,0.05,0.810250193,77.79850951,100.0000008,216,22459488,4.730026841,23.50746405,88.8059706
217,0.000103903,0.000103903,2.196347212,0.05,0.82957038,77.61194252,99.44029999,217,22459488,4.716556708,23.50746405,88.8059706
218,9.51E-05,9.51E-05,2.11145206,0.05,0.816282171,77.61194178,99.81343409,218,22459488,4.70299236,23.50746405,88.8059706
219,8.66E-05,8.66E-05,2.178734701,0.05,0.83321617,78.73134516,100.0000008,219,22459488,4.689561288,23.50746405,88.8059706
220,7.85E-05,7.85E-05,2.176911099,0.05,0.850515097,77.23880768,100.0000008,220,22459488,4.676195741,23.50746405,88.8059706
221,7.09E-05,7.09E-05,2.178042367,0.05,0.837294991,74.8134354,99.81343409,221,22459488,4.662707051,23.50746405,88.8059706
222,6.36E-05,6.36E-05,2.167602979,0.05,0.826799661,78.358211,100.0000008,222,22459488,4.649243196,23.50746405,88.8059706
223,5.67E-05,5.67E-05,2.220830092,0.05,0.845578291,76.86567392,100.0000008,223,22459488,4.635909875,23.50746405,88.8059706
224,5.02E-05,5.02E-05,2.145543065,0.05,0.836511873,77.42537513,100.0000008,224,22459488,4.622485042,23.50746405,88.8059706
225,4.41E-05,4.41E-05,2.135258142,0.05,0.842308405,76.49253948,100.0000008,225,22459488,4.609182398,23.50746405,88.8059706
226,3.84E-05,3.84E-05,2.187552517,0.05,0.835895126,78.17164401,100.0000008,226,22459488,4.595821778,23.50746405,88.8059706
227,3.31E-05,3.31E-05,2.131430808,0.05,0.824870085,77.61194246,100.0000008,227,22459488,4.582488497,23.50746405,88.8059706
228,2.82E-05,2.82E-05,2.173194362,0.05,0.817509164,76.86567289,100.0000008,228,22459488,4.569108725,23.50746405,88.8059706
229,2.37E-05,2.37E-05,2.152255043,0.05,0.828661104,79.10448023,100.0000008,229,22459488,4.555830638,23.50746405,88.8059706
230,1.96E-05,1.96E-05,2.160303198,0.05,0.837465865,78.35821066,100.0000008,230,22459488,4.542588989,23.50746405,88.8059706
231,1.59E-05,1.59E-05,2.149215233,0.05,0.819136848,78.54477771,100.0000008,231,22459488,4.529378812,23.50746405,88.8059706
232,1.27E-05,1.27E-05,2.12736699,0.05,0.825469452,80.03731588,100.0000008,232,22459488,4.516131957,23.50746405,88.8059706
233,9.79E-06,9.79E-06,2.153738651,0.05,0.800560993,76.67910619,100.0000008,233,22459488,4.502961556,23.50746405,88.8059706
234,7.32E-06,7.32E-06,2.188190425,0.05,0.81985531,77.79850951,100.0000008,234,22459488,4.489689151,23.50746405,88.8059706
235,5.26E-06,5.26E-06,2.206054464,0.05,0.843840947,78.358211,100.0000008,235,22459488,4.47656405,23.50746405,88.8059706
236,3.60E-06,3.60E-06,2.152289154,0.05,0.824376799,78.54477806,100.0000008,236,22459488,4.463477572,23.50746405,88.8059706
237,2.36E-06,2.36E-06,2.163666883,0.05,0.816714669,78.35821146,100.0000008,237,22459488,4.450389584,23.50746405,88.8059706
238,1.51E-06,1.51E-06,2.149036294,0.05,0.823505387,79.10447955,100.0000008,238,22459488,4.437236945,23.50746405,88.8059706
239,1.08E-06,1.08E-06,2.178865166,0.05,0.824144572,78.54477806,100.0000008,239,22459488,4.424187601,23.50746405,88.8059706
